,tl_x,tl_y,br_x,br_y,t
0,147.43084716796875,409.775390625,245.66452026367188,455.3365478515625,0.0
1,147.49722290039062,408.759033203125,242.58895874023438,453.71142578125,0.03333333333333333
2,140.95361328125,406.9610900878906,246.45062255859375,451.2158508300781,0.06666666666666667
3,135.9167022705078,404.1875915527344,249.21934509277344,449.5743103027344,0.1
4,135.78170776367188,399.2323913574219,248.74789428710938,449.6116638183594,0.13333333333333333
5,136.127685546875,397.4704284667969,245.634765625,447.7906799316406,0.16666666666666666
6,355.6004943847656,268.5776672363281,443.7005310058594,316.6915588378906,3.6666666666666665
7,353.9876708984375,273.3458251953125,447.75390625,322.255615234375,3.6999999999999997
8,359.73095703125,270.785888671875,452.18804931640625,321.12664794921875,3.7333333333333334
9,370.3959655761719,271.25848388671875,457.3133850097656,324.42803955078125,3.7666666666666666
10,368.28924560546875,276.0855407714844,457.5096435546875,325.9645690917969,3.8
11,367.32470703125,275.251953125,458.458740234375,326.75567626953125,3.8333333333333335
12,369.67364501953125,276.8782043457031,458.599365234375,327.3718566894531,3.8666666666666667
13,369.6019287109375,277.9102783203125,457.59637451171875,327.0791015625,3.9
14,369.07586669921875,278.8743591308594,456.13580322265625,328.7005920410156,3.933333333333333
15,368.0904541015625,280.2650146484375,455.10198974609375,327.56439208984375,3.966666666666667
16,367.782958984375,282.15972900390625,452.37530517578125,327.25848388671875,4.0
17,368.1942443847656,282.3236999511719,450.2502746582031,326.1984558105469,4.033333333333333
18,368.93603515625,283.960205078125,446.456787109375,323.31695556640625,4.066666666666666
19,363.76422119140625,284.0219421386719,440.59820556640625,324.1539611816406,4.1
20,364.10443115234375,282.3016357421875,434.85400390625,321.563720703125,4.133333333333333
21,357.35015869140625,282.8255920410156,428.856201171875,322.8659362792969,4.166666666666667
22,353.2550048828125,283.0738830566406,423.77294921875,320.1612854003906,4.2
23,62.767765045166016,128.33493041992188,150.38406372070312,184.19793701171875,6.166666666666667
24,66.97853088378906,126.25477600097656,156.40957641601562,183.5808868408203,6.2
25,68.49532318115234,124.54165649414062,160.40673828125,182.45657348632812,6.233333333333333
26,263.4288330078125,77.76630401611328,337.2781982421875,121.54296112060547,6.833333333333333
27,283.35321044921875,76.23468780517578,355.99139404296875,119.65349578857422,6.866666666666666
28,299.72515869140625,74.84098815917969,377.87054443359375,122.07110595703125,6.8999999999999995
29,322.67120361328125,80.94010162353516,400.7120361328125,128.69384765625,6.933333333333334
30,343.8603515625,81.83058166503906,423.7672119140625,136.9241485595703,6.966666666666667
31,391.338623046875,97.04188537597656,470.18414306640625,154.69129943847656,7.033333333333333
32,477.8194885253906,145.010986328125,563.5113525390625,200.44815063476562,7.166666666666667
33,525.7418212890625,169.05416870117188,595.432373046875,225.15921020507812,7.233333333333333
34,552.8169555664062,173.7352294921875,640.0,267.046142578125,7.3
35,572.245361328125,205.70384216308594,639.68603515625,268.365478515625,7.333333333333333
36,585.0498657226562,209.72500610351562,639.8622436523438,283.02581787109375,7.366666666666666
37,600.94921875,222.63961791992188,640.0,285.74310302734375,7.3999999999999995
38,521.22802734375,328.5339050292969,597.319091796875,375.5019836425781,8.2
39,506.2720031738281,322.6752624511719,593.3753051757812,375.9164123535156,8.233333333333333
40,496.8448181152344,323.7012939453125,580.6713256835938,370.0347900390625,8.266666666666666
41,485.8285217285156,321.52362060546875,573.8599243164062,371.5205078125,8.3
42,479.2013854980469,320.5399475097656,565.7682495117188,362.9847717285156,8.333333333333334
43,470.6192626953125,319.68560791015625,546.1287841796875,355.48284912109375,8.366666666666667
44,464.9443664550781,317.47784423828125,534.6565551757812,352.0670166015625,8.4
45,456.2582702636719,314.86846923828125,534.5034790039062,353.041748046875,8.433333333333334
46,449.8663330078125,311.1400146484375,523.8589477539062,349.9654541015625,8.466666666666667
47,445.9157409667969,308.5413513183594,517.1875610351562,347.1186218261719,8.5
48,438.4923095703125,303.9710388183594,515.6531372070312,343.2250671386719,8.533333333333333
49,433.3760986328125,299.09857177734375,509.60614013671875,340.40625,8.566666666666666
50,429.1679382324219,293.9105224609375,504.6194152832031,338.1153564453125,8.6
51,424.2015380859375,289.96649169921875,501.1607666015625,336.42828369140625,8.633333333333333
52,418.8402404785156,289.491943359375,495.7389221191406,335.240478515625,8.666666666666666
53,416.0964050292969,288.621826171875,488.8542175292969,330.8018798828125,8.7
54,414.9605712890625,286.0340270996094,482.17974853515625,323.6619567871094,8.733333333333333
55,407.05035400390625,285.3424377441406,475.65576171875,321.8179016113281,8.766666666666666
56,400.5893859863281,281.6926574707031,471.1396179199219,318.6257019042969,8.8
57,397.95501708984375,279.89544677734375,463.525634765625,316.5994873046875,8.833333333333334
58,391.2434997558594,276.9761047363281,459.6760559082031,314.9961853027344,8.866666666666667
59,384.4683532714844,272.93670654296875,454.5525817871094,311.40155029296875,8.9
60,379.51776123046875,271.18011474609375,445.48663330078125,308.8177490234375,8.933333333333334
61,373.2211608886719,270.5113830566406,438.0716247558594,302.3855895996094,8.966666666666667
62,371.3123779296875,267.7337646484375,433.81390380859375,301.7564697265625,9.0
63,364.3134460449219,264.2987976074219,428.8565979003906,298.7359924316406,9.033333333333333
64,361.4445495605469,262.94818115234375,417.6197814941406,292.66357421875,9.066666666666666
65,353.1392822265625,261.6351013183594,414.256591796875,293.9878234863281,9.1
66,349.81402587890625,258.90911865234375,407.2095947265625,293.58892822265625,9.133333333333333
67,347.286865234375,257.885986328125,404.56427001953125,287.468505859375,9.166666666666666
68,274.62310791015625,271.5737609863281,333.56719970703125,304.2344665527344,10.066666666666666
69,273.67840576171875,272.65252685546875,332.239013671875,306.8485107421875,10.1
70,273.7654113769531,273.0933837890625,330.8193664550781,306.294677734375,10.133333333333333
71,272.5557861328125,273.0881042480469,330.21771240234375,307.0166320800781,10.166666666666666
72,272.6459655761719,273.5439147949219,330.9352111816406,308.8229064941406,10.2
73,271.8035888671875,274.9236755371094,334.0391845703125,309.7090759277344,10.233333333333333
74,272.5765686035156,275.22869873046875,334.8576354980469,309.95758056640625,10.266666666666666
75,273.38299560546875,275.94622802734375,335.968505859375,310.82269287109375,10.3
76,275.0054931640625,276.87420654296875,335.5511474609375,309.3389892578125,10.333333333333334
77,275.4440002441406,276.7270202636719,336.5489196777344,309.5994567871094,10.366666666666667
78,276.58233642578125,276.1589050292969,339.5770263671875,309.5686340332031,10.4
79,278.2560729980469,276.3180236816406,339.5054626464844,310.3591613769531,10.433333333333334
80,309.779296875,245.11428833007812,385.85711669921875,289.8542175292969,10.8
81,315.4576416015625,241.10235595703125,386.279296875,289.1082763671875,10.833333333333334
82,323.5469055175781,238.7282257080078,387.4419860839844,285.48223876953125,10.866666666666667
83,327.2649841308594,236.4334259033203,386.4016418457031,282.1827392578125,10.9
84,327.1278991699219,235.82400512695312,390.9250793457031,279.7818298339844,10.933333333333334
85,328.65277099609375,232.55172729492188,393.6329345703125,276.33135986328125,10.966666666666667
86,331.4843444824219,229.0346221923828,401.4502258300781,275.2815246582031,11.0
87,333.3004455566406,226.40451049804688,401.6426696777344,269.4488220214844,11.033333333333333
88,336.1321105957031,223.25978088378906,402.1258850097656,266.1734924316406,11.066666666666666
89,336.0471496582031,217.46621704101562,416.4837341308594,266.96484375,11.1
90,336.8046875,215.0430908203125,419.38873291015625,264.9895324707031,11.133333333333333
91,343.3053283691406,213.5745391845703,419.6136169433594,265.8758544921875,11.166666666666666
92,349.0215148925781,212.28407287597656,424.5094909667969,260.81695556640625,11.2
93,349.6601257324219,210.7599334716797,422.1860046386719,256.69720458984375,11.233333333333333
94,349.0015869140625,210.2421875,421.106201171875,253.47900390625,11.266666666666666
95,356.7727966308594,210.6824951171875,423.3377380371094,248.55447387695312,11.433333333333334
96,357.5556945800781,209.606689453125,425.8914489746094,249.00393676757812,11.466666666666667
97,359.93212890625,209.42681884765625,428.4290771484375,248.93408203125,11.5
98,366.3082580566406,207.00015258789062,428.4223937988281,247.35931396484375,11.533333333333333
99,367.92132568359375,206.20663452148438,430.3502197265625,247.19155883789062,11.566666666666666
100,374.4522399902344,202.76084899902344,433.4319152832031,249.55308532714844,11.6
101,373.4545593261719,201.22232055664062,434.7368469238281,248.93035888671875,11.633333333333333
102,372.8700866699219,201.13145446777344,436.7427062988281,250.9805450439453,11.666666666666666
103,376.52752685546875,202.15704345703125,439.79632568359375,251.32595825195312,11.7
104,370.9745178222656,205.040283203125,440.1091003417969,253.38601684570312,11.733333333333333
105,372.2388610839844,206.22296142578125,442.3119812011719,252.399658203125,11.766666666666666
106,372.639404296875,207.33804321289062,451.6553955078125,256.65106201171875,11.8
107,376.0188903808594,209.5127410888672,454.4026794433594,256.4352722167969,11.833333333333334
108,378.4456481933594,214.01950073242188,455.0700378417969,257.4508972167969,11.866666666666667
109,406.28814697265625,236.11557006835938,467.73553466796875,266.3398742675781,12.033333333333333
110,409.44287109375,238.71267700195312,474.9080810546875,269.7923889160156,12.066666666666666
111,413.0203857421875,241.9210205078125,490.6519775390625,275.79254150390625,12.1
112,424.72845458984375,244.25967407226562,496.7493896484375,274.9795227050781,12.133333333333333
113,427.24249267578125,244.59495544433594,502.4755859375,280.48944091796875,12.166666666666666
114,437.1539306640625,241.3018341064453,511.84075927734375,291.56768798828125,12.2
115,459.4406433105469,251.50489807128906,522.0967407226562,288.4501953125,12.333333333333334
116,458.59393310546875,250.75665283203125,528.1450805664062,291.59039306640625,12.366666666666667
117,455.9770812988281,249.9332733154297,535.4381103515625,292.8736877441406,12.4
118,454.0972900390625,246.3628387451172,540.9194946289062,293.72381591796875,12.433333333333334
119,460.9731140136719,248.75534057617188,533.9573364257812,289.3422546386719,12.466666666666667
120,461.79254150390625,230.4479217529297,538.3442993164062,272.87493896484375,12.666666666666666
121,460.1583251953125,229.7216339111328,534.0272216796875,268.2568664550781,12.7
122,453.74749755859375,226.50350952148438,528.0579833984375,263.8431396484375,12.733333333333333
123,451.0925598144531,224.69781494140625,525.1126098632812,260.7533874511719,12.766666666666666
124,450.4704895019531,218.8328857421875,521.3807983398438,258.57159423828125,12.8
125,338.091552734375,162.55569458007812,408.85693359375,221.16976928710938,13.266666666666666
126,325.7197570800781,162.01837158203125,400.9306335449219,221.6634521484375,13.299999999999999
127,287.27569580078125,162.09405517578125,387.51324462890625,222.972412109375,13.366666666666667
128,280.8940124511719,161.57217407226562,382.9289855957031,221.9378662109375,13.4
129,239.59695434570312,165.72900390625,313.3219299316406,215.76336669921875,13.566666666666666
130,227.65283203125,165.36563110351562,311.74969482421875,216.42910766601562,13.6
131,147.5849609375,147.5692596435547,237.01116943359375,224.03831481933594,13.9
132,146.09237670898438,148.0064697265625,234.46493530273438,224.37136840820312,13.933333333333334
133,142.1545867919922,147.30014038085938,238.69712829589844,225.18206787109375,13.966666666666667
134,139.20138549804688,146.29971313476562,233.18301391601562,221.62173461914062,14.0
135,136.39710998535156,144.19578552246094,235.82508850097656,223.7872772216797,14.033333333333333
136,136.2279510498047,142.50965881347656,235.69239807128906,224.06358337402344,14.066666666666666
137,135.00518798828125,139.35174560546875,239.227783203125,224.96954345703125,14.1
138,136.32998657226562,138.1976318359375,239.44839477539062,225.32235717773438,14.133333333333333
139,143.0858154296875,145.38739013671875,230.33853149414062,220.68856811523438,14.166666666666666
140,144.23184204101562,144.01171875,239.54132080078125,223.02127075195312,14.2
141,148.4018096923828,146.8938751220703,242.16978454589844,221.43247985839844,14.233333333333333
142,157.01104736328125,148.8906707763672,243.1802978515625,220.3783416748047,14.266666666666666
143,207.75082397460938,163.89364624023438,291.2242126464844,218.116455078125,14.5
144,208.12252807617188,161.80104064941406,297.48175048828125,218.50086975097656,14.533333333333333
145,209.41903686523438,157.4857940673828,311.0735168457031,219.15318298339844,14.566666666666666
146,213.71038818359375,157.80226135253906,311.34161376953125,217.0945281982422,14.6
147,217.85128784179688,151.72415161132812,316.3242492675781,217.66909790039062,14.633333333333333
148,223.40289306640625,152.99639892578125,318.1553955078125,217.03326416015625,14.666666666666666
149,229.3380889892578,151.48406982421875,321.62054443359375,215.66055297851562,14.7
150,239.24229431152344,150.7150421142578,325.6445617675781,214.40162658691406,14.733333333333333
151,240.4325714111328,153.85052490234375,326.966552734375,212.913818359375,14.766666666666666
152,244.45361328125,151.05014038085938,334.35400390625,214.22555541992188,14.799999999999999
153,249.89404296875,152.68899536132812,338.37530517578125,215.11782836914062,14.833333333333334
154,252.63809204101562,152.63836669921875,345.4947814941406,216.26080322265625,14.866666666666667
155,255.4327850341797,148.16586303710938,347.61572265625,213.89849853515625,14.9
156,258.7360534667969,139.18043518066406,356.5465393066406,214.2077178955078,14.933333333333334
157,264.6645202636719,138.68365478515625,363.9865417480469,211.38766479492188,14.966666666666667
158,268.3576354980469,134.99032592773438,367.8796691894531,209.92153930664062,15.0
159,275.54388427734375,134.1458740234375,368.2620849609375,202.92001342773438,15.033333333333333
160,278.9814453125,131.21429443359375,370.3546142578125,205.19064331054688,15.066666666666666
161,274.3575134277344,126.46942138671875,371.5475158691406,196.64605712890625,15.1
162,281.8411560058594,119.06268310546875,374.3887023925781,189.335693359375,15.133333333333333
163,286.0621032714844,116.59149169921875,373.2073059082031,178.867431640625,15.166666666666666
164,285.003173828125,109.06794738769531,374.57562255859375,171.4763641357422,15.2
165,285.3208312988281,99.18838500976562,378.0115661621094,168.38311767578125,15.233333333333333
166,289.9251403808594,93.7083740234375,380.7850036621094,163.34075927734375,15.266666666666666
167,288.02557373046875,84.1788330078125,382.54022216796875,157.26715087890625,15.299999999999999
168,293.3344421386719,78.26897430419922,381.6190490722656,152.43130493164062,15.333333333333334
169,294.66748046875,72.90806579589844,380.27490234375,139.87294006347656,15.366666666666667
170,294.95953369140625,62.76117706298828,383.3082275390625,130.41299438476562,15.4
171,295.7479553222656,56.718929290771484,381.6315002441406,125.62171936035156,15.433333333333334
172,295.8077392578125,50.107547760009766,382.750244140625,118.53190612792969,15.466666666666667
173,302.1437072753906,45.014198303222656,385.2279357910156,108.09185028076172,15.5
174,305.1221923828125,35.79671859741211,393.1348876953125,103.46975708007812,15.533333333333333
175,308.8795166015625,27.005023956298828,391.44720458984375,97.3150634765625,15.566666666666666
176,310.32232666015625,22.708940505981445,393.713623046875,86.62061309814453,15.6
177,307.9313049316406,8.229156494140625,395.8009338378906,82.65074157714844,15.633333333333333
178,309.0758056640625,2.7257118225097656,393.11767578125,73.19924926757812,15.666666666666666
179,306.7043151855469,0.0,402.3031311035156,68.66410827636719,15.7
180,306.8702392578125,0.0,404.6278076171875,59.084590911865234,15.733333333333333
181,306.2975769042969,0.0,412.2143859863281,53.111122131347656,15.766666666666666
182,310.4061279296875,0.0,402.75396728515625,43.46879577636719,15.799999999999999
183,314.51849365234375,0.0,410.6544189453125,35.72599792480469,15.833333333333334
184,315.24169921875,0.0,413.967041015625,27.45531463623047,15.866666666666667
185,488.20880126953125,123.76646423339844,528.4081420898438,148.71339416503906,19.933333333333334
186,479.8284606933594,122.73980712890625,520.4573364257812,147.82537841796875,19.966666666666665
187,465.36370849609375,119.87223052978516,507.1494140625,144.73350524902344,20.0
188,451.4912109375,117.57474517822266,493.358154296875,143.15980529785156,20.03333333333333
189,437.5936279296875,115.56918334960938,483.11737060546875,141.15054321289062,20.066666666666666
190,366.76885986328125,95.91791534423828,411.49407958984375,123.7383041381836,20.266666666666666
191,352.40673828125,90.8681640625,399.14630126953125,122.36572265625,20.3
192,339.4635009765625,88.00537109375,387.8309326171875,119.794921875,20.333333333333332
193,331.76739501953125,85.7419204711914,376.841796875,118.2210464477539,20.366666666666667
194,319.229736328125,80.14404296875,373.9085693359375,119.07000732421875,20.4
195,288.0798645019531,71.91291046142578,341.3592224121094,108.75838470458984,20.53333333333333
196,283.16534423828125,69.66493225097656,334.37945556640625,106.1522216796875,20.566666666666666
197,275.3970642089844,65.4273910522461,331.7458801269531,103.36824798583984,20.6
198,272.3802185058594,66.25210571289062,325.9598083496094,102.55793762207031,20.633333333333333
199,269.0387268066406,64.1511001586914,325.4147033691406,102.7455062866211,20.666666666666668
200,264.1065979003906,64.18031311035156,322.8299255371094,101.02507019042969,20.7
201,262.57830810546875,64.67473602294922,319.399169921875,98.76395416259766,20.733333333333334
202,251.9041748046875,59.07097625732422,318.9033203125,100.3320083618164,20.766666666666666
203,245.32879638671875,51.00386428833008,317.53802490234375,100.43490600585938,20.8
204,243.4811248779297,48.326698303222656,317.4385070800781,100.31291961669922,20.833333333333332
205,241.67433166503906,45.03583526611328,321.9131164550781,101.55498504638672,20.866666666666667
206,240.2254638671875,43.432395935058594,322.5557861328125,100.95305633544922,20.9
207,240.42234802246094,40.290771484375,324.8197021484375,99.47311401367188,20.933333333333334
208,240.70921325683594,36.82471466064453,323.83099365234375,97.15251922607422,20.966666666666665
209,241.46896362304688,34.38240051269531,322.0945739746094,93.35955810546875,21.0
210,242.24131774902344,27.848966598510742,321.0774230957031,91.40228271484375,21.03333333333333
211,243.06275939941406,21.77307891845703,324.80560302734375,91.07839965820312,21.066666666666666
212,245.73289489746094,18.101810455322266,327.121826171875,86.97779846191406,21.1
213,247.05404663085938,14.406543731689453,332.8034362792969,81.53237915039062,21.133333333333333
214,248.9764404296875,10.84701919555664,338.1212158203125,79.16609191894531,21.166666666666668
215,253.94732666015625,4.405433654785156,341.407958984375,76.3797836303711,21.2
216,256.7127685546875,2.6193199157714844,342.18316650390625,66.94239807128906,21.233333333333334
217,261.0078125,0.30640411376953125,346.210205078125,59.51105880737305,21.266666666666666
218,261.7726135253906,0.1422271728515625,350.3188781738281,54.97093963623047,21.3
219,266.2872619628906,0.2236614227294922,351.9847717285156,48.03509521484375,21.333333333333332
220,268.58001708984375,0.35248756408691406,353.79400634765625,41.78059387207031,21.366666666666667
221,272.2244873046875,0.2716407775878906,365.7996826171875,36.356563568115234,21.4
222,272.88031005859375,0.0,365.29632568359375,27.613935470581055,21.433333333333334
223,355.5023498535156,0.026572227478027344,451.8386535644531,29.386924743652344,22.1
224,367.8481750488281,0.8286399841308594,471.2701721191406,64.29635620117188,22.166666666666668
225,371.511962890625,1.0621986389160156,477.12310791015625,77.91270446777344,22.2
226,0.0,5.22406005859375,112.60350799560547,228.86343383789062,33.2
227,0.0,16.03759765625,121.7876205444336,208.34144592285156,33.3
228,0.0,19.368072509765625,126.528076171875,206.49859619140625,33.333333333333336
229,0.2215728759765625,26.141448974609375,128.14125061035156,185.86114501953125,33.36666666666667
230,0.0,26.360794067382812,132.007080078125,181.8815155029297,33.4
231,0.0,27.852622985839844,134.72903442382812,162.92385864257812,33.43333333333333
232,0.0,29.981006622314453,136.8880615234375,157.1655731201172,33.46666666666667
233,0.0,32.257205963134766,140.91404724121094,149.00103759765625,33.5
234,0.0,32.599647521972656,143.2623291015625,149.98931884765625,33.53333333333333
235,0.0,32.94367599487305,145.463623046875,150.09849548339844,33.56666666666666
236,0.9721298217773438,34.64404296875,148.0166015625,147.39654541015625,33.6
237,2.1857681274414062,35.89816665649414,151.40457153320312,146.90545654296875,33.63333333333333
238,1.4243927001953125,35.957489013671875,154.4719696044922,150.719482421875,33.666666666666664
239,2.806976318359375,39.608985900878906,157.0789794921875,151.79672241210938,33.7
240,5.1657562255859375,39.90919494628906,159.7627716064453,151.64540100097656,33.733333333333334
241,10.569587707519531,42.34263229370117,161.41177368164062,150.94239807128906,33.766666666666666
242,17.403976440429688,43.942440032958984,163.9630584716797,153.70602416992188,33.8
243,24.04766845703125,47.16999053955078,166.52096557617188,156.48660278320312,33.833333333333336
244,31.406875610351562,49.170326232910156,169.28009033203125,159.98095703125,33.86666666666667
245,36.924293518066406,51.0331916809082,170.89105224609375,162.7849884033203,33.9
246,41.2332763671875,53.79201126098633,174.58489990234375,168.17742919921875,33.93333333333333
247,44.60608673095703,55.47412109375,180.15997314453125,175.46920776367188,33.96666666666667
248,52.503929138183594,61.26838302612305,186.86505126953125,176.05992126464844,34.0
249,62.41151428222656,66.5902099609375,194.03846740722656,173.80592346191406,34.03333333333333
250,72.07820129394531,72.72796630859375,195.1511993408203,174.43002319335938,34.06666666666666
251,80.17350769042969,75.59781646728516,197.4300079345703,175.57553100585938,34.1
252,238.40887451171875,159.46144104003906,327.989990234375,215.29685974121094,34.56666666666666
253,249.721923828125,159.873779296875,336.062255859375,216.38177490234375,34.6
254,250.197021484375,156.3027801513672,360.12548828125,220.02659606933594,34.63333333333333
255,260.8653259277344,155.59129333496094,374.0978088378906,218.8411407470703,34.666666666666664
256,268.4360656738281,153.6680450439453,377.9881896972656,218.08399963378906,34.7
257,278.5643310546875,151.703369140625,382.1978759765625,220.44207763671875,34.733333333333334
258,285.3121643066406,150.5087432861328,410.4157409667969,222.90342712402344,34.86666666666667
259,296.8182067871094,151.39532470703125,410.8342590332031,225.11965942382812,34.9
260,304.0257568359375,154.66226196289062,415.278564453125,227.1116943359375,34.93333333333333
261,303.5876159667969,155.81980895996094,416.9986877441406,227.32057189941406,34.96666666666667
262,305.4837341308594,154.98345947265625,415.3981628417969,226.23837280273438,35.0
263,312.0659484863281,157.56849670410156,421.3100280761719,224.3125457763672,35.03333333333333
264,313.456298828125,158.2296142578125,420.3450927734375,224.59649658203125,35.06666666666666
265,314.0820007324219,159.0770721435547,424.0814514160156,226.84898376464844,35.1
266,317.77716064453125,157.86834716796875,423.88348388671875,226.49603271484375,35.13333333333333
267,321.27508544921875,159.8601531982422,424.13433837890625,223.5522003173828,35.166666666666664
268,320.8028259277344,158.4685516357422,425.7207336425781,223.0197296142578,35.2
269,321.9874572753906,164.1678924560547,426.3395080566406,223.2417755126953,35.233333333333334
270,326.86785888671875,160.27151489257812,425.96136474609375,221.03384399414062,35.266666666666666
271,325.9742431640625,159.95843505859375,426.04437255859375,222.98220825195312,35.3
272,334.5751037597656,162.32655334472656,419.7705383300781,226.46800231933594,35.43333333333333
273,335.0362243652344,162.89892578125,426.4616394042969,224.76141357421875,35.46666666666667
274,339.25677490234375,161.21282958984375,425.68035888671875,224.76834106445312,35.5
275,340.7604675292969,162.18655395507812,428.9786071777344,224.87643432617188,35.53333333333333
276,341.5653991699219,162.963623046875,430.3653259277344,225.161865234375,35.56666666666666
277,343.3619384765625,164.50311279296875,431.46624755859375,226.11953735351562,35.6
278,344.3787841796875,165.6578826904297,426.22540283203125,225.1588592529297,35.63333333333333
279,348.8773193359375,166.08676147460938,429.65472412109375,225.23892211914062,35.666666666666664
280,353.61163330078125,164.84051513671875,434.2967529296875,224.14907836914062,35.7
281,356.1575012207031,167.76171875,439.3036804199219,228.87210083007812,35.766666666666666
282,357.7177734375,169.9844970703125,440.23260498046875,228.96090698242188,35.8
283,361.4969787597656,170.0575714111328,442.2557067871094,229.7608184814453,35.833333333333336
284,364.5807800292969,171.94357299804688,441.5692443847656,229.88482666015625,35.86666666666667
285,363.33636474609375,172.65054321289062,442.05316162109375,232.02044677734375,35.9
286,365.5206604003906,173.30007934570312,441.7331237792969,232.96322631835938,35.93333333333333
287,367.8690490722656,187.47296142578125,443.0074768066406,236.99765014648438,36.06666666666666
288,366.87603759765625,188.51907348632812,443.22589111328125,238.33245849609375,36.1
289,367.1019592285156,191.19720458984375,440.4626159667969,238.44989013671875,36.13333333333333
290,369.3038635253906,193.37921142578125,438.2638854980469,238.3619384765625,36.166666666666664
291,369.05938720703125,197.4490966796875,431.5023193359375,239.8602294921875,36.2
292,367.1506042480469,199.5436553955078,426.2241516113281,239.54441833496094,36.233333333333334
293,426.8387756347656,116.14717864990234,485.9371643066406,155.63343811035156,39.86666666666667
294,520.40478515625,147.560546875,574.54443359375,191.33499145507812,40.03333333333333
295,347.0907287597656,222.72198486328125,392.3515930175781,253.96231079101562,43.733333333333334
296,351.49639892578125,227.94764709472656,401.0631103515625,258.9128723144531,43.766666666666666
297,364.97760009765625,233.42745971679688,413.6317138671875,267.70751953125,43.8
298,372.67138671875,237.55133056640625,420.642333984375,272.37298583984375,43.833333333333336
299,421.5779113769531,277.64453125,468.3476257324219,309.11309814453125,44.0
300,428.20062255859375,285.32659912109375,480.34588623046875,314.6436767578125,44.03333333333333
301,435.3938293457031,287.9272766113281,495.4513854980469,322.2077941894531,44.06666666666666
302,441.0311279296875,292.3041076660156,498.4666748046875,327.5959167480469,44.1
303,450.7997741699219,296.18310546875,510.2624816894531,331.83770751953125,44.13333333333333
304,481.99810791015625,327.3786926269531,533.0253295898438,356.2712097167969,44.3
305,483.08087158203125,329.5370178222656,536.9119262695312,360.3465270996094,44.333333333333336
306,491.25653076171875,333.31549072265625,539.5863647460938,364.64154052734375,44.36666666666667
307,497.9128112792969,335.9931640625,545.0977783203125,366.06072998046875,44.4
308,497.9945373535156,340.0741882324219,545.8522338867188,369.6923522949219,44.43333333333333
309,513.5728149414062,347.4848327636719,557.1102905273438,380.8498229980469,44.63333333333333
310,513.2481079101562,350.7232666015625,555.8827514648438,381.9190673828125,44.666666666666664
311,469.9263000488281,333.24688720703125,515.187255859375,361.15447998046875,45.233333333333334
312,466.9434509277344,330.42218017578125,515.391845703125,361.1610107421875,45.266666666666666
313,460.94781494140625,325.8793029785156,509.84454345703125,358.8201599121094,45.3
314,457.3070373535156,323.04742431640625,506.2987365722656,355.5306396484375,45.333333333333336
315,449.9093322753906,318.3810729980469,499.2759704589844,351.9851379394531,45.36666666666667
316,443.8548889160156,318.4015808105469,489.7395935058594,348.9173889160156,45.43333333333333
317,429.22540283203125,314.6530456542969,471.36395263671875,343.2632751464844,45.53333333333333
318,420.8785705566406,312.0356140136719,465.2607116699219,340.9119567871094,45.56666666666666
319,417.99346923828125,310.65277099609375,459.6611328125,339.01910400390625,45.6
320,1.5992317199707031,111.42394256591797,68.29806518554688,156.13604736328125,48.86666666666667
321,2.6345748901367188,110.22315979003906,69.87792205810547,153.0254364013672,48.93333333333333
322,1.57135009765625,108.24968719482422,70.56714630126953,151.4876708984375,48.96666666666667
323,1.8462715148925781,108.05731201171875,71.06993103027344,150.72280883789062,49.0
324,2.8063316345214844,107.36367797851562,70.54533386230469,149.76254272460938,49.03333333333333
325,1.9630203247070312,106.18693542480469,72.49462890625,150.7867889404297,49.06666666666666
326,2.6292953491210938,105.06333923339844,72.76849365234375,149.92819213867188,49.1
327,0.6969108581542969,101.74578857421875,72.8974609375,149.02359008789062,49.13333333333333
328,0.8427276611328125,98.29220581054688,72.64631652832031,146.9281005859375,49.166666666666664
329,0.3695526123046875,93.62446594238281,69.35169982910156,142.24249267578125,49.2
330,0.6125984191894531,89.54252624511719,68.82926940917969,138.7211456298828,49.233333333333334
331,0.3215522766113281,83.8479995727539,67.14364624023438,136.727294921875,49.266666666666666
332,0.0,78.22550964355469,65.35108947753906,129.04428100585938,49.3
333,0.0,27.554378509521484,53.67705154418945,102.08978271484375,49.5
334,0.0,7.8838348388671875,55.280479431152344,97.73027038574219,49.53333333333333
335,0.0,3.8648948669433594,52.86249923706055,82.54409790039062,49.56666666666666
336,0.25028038024902344,0.3107147216796875,49.83732604980469,72.84625244140625,49.6
337,402.58935546875,334.223388671875,454.56329345703125,364.47027587890625,53.9
338,396.4503479003906,333.2374572753906,447.0711975097656,364.9128112792969,53.93333333333333
339,304.1987609863281,298.24969482421875,363.2104797363281,363.544677734375,54.36666666666667
340,288.4081726074219,299.65338134765625,360.1499328613281,364.41009521484375,54.46666666666667
341,405.1286315917969,358.6033630371094,455.2096862792969,407.2070007324219,55.6
342,405.7207336425781,357.9228515625,455.6731262207031,404.92205810546875,55.63333333333333
343,406.9989013671875,357.3195495605469,455.86065673828125,405.2978820800781,55.666666666666664
344,408.8736572265625,356.4405517578125,458.59405517578125,406.05230712890625,55.699999999999996
345,403.7186279296875,361.84423828125,457.3238525390625,408.06121826171875,55.9
346,400.93548583984375,362.7247619628906,457.218505859375,411.8036193847656,55.93333333333333
347,363.6562194824219,388.46856689453125,428.9395446777344,426.48919677734375,56.199999999999996
348,356.7418212890625,388.4666442871094,427.7630615234375,427.0807189941406,56.233333333333334
349,350.6956481933594,389.6046447753906,422.3898620605469,426.5369567871094,56.266666666666666
350,344.13751220703125,393.43829345703125,418.60626220703125,428.16009521484375,56.3
351,331.1397705078125,384.5621032714844,407.997802734375,432.7008361816406,56.43333333333333
352,329.07562255859375,386.41290283203125,403.5804443359375,434.12994384765625,56.46666666666667
353,326.92431640625,387.12054443359375,400.90899658203125,433.49688720703125,56.5
354,324.4963684082031,384.9066162109375,400.0127868652344,433.5416259765625,56.53333333333333
355,324.4999694824219,383.7000732421875,401.6555480957031,432.65362548828125,56.56666666666666
356,246.8759307861328,141.67019653320312,287.357177734375,170.11444091796875,65.9
357,252.06800842285156,136.346435546875,290.849609375,165.2054443359375,65.93333333333334
358,260.5181884765625,133.06141662597656,299.26983642578125,161.82386779785156,65.96666666666667
359,270.7936706542969,128.712890625,310.5975036621094,159.25894165039062,66.0
360,278.63543701171875,125.98344421386719,317.68572998046875,153.3944549560547,66.03333333333333
361,285.7102355957031,119.44023132324219,330.6934509277344,156.28187561035156,66.06666666666666
362,330.43865966796875,110.47511291503906,370.95050048828125,138.98684692382812,66.2
363,334.454345703125,103.4383316040039,382.236083984375,138.5313262939453,66.23333333333333
364,345.1888427734375,99.00444030761719,389.55181884765625,134.2154541015625,66.26666666666667
365,353.3493347167969,98.44666290283203,398.5090637207031,129.09420776367188,66.3
366,365.5683288574219,99.5687255859375,411.9382629394531,127.54812622070312,66.33333333333333
367,370.5303039550781,97.98748779296875,419.8215637207031,127.05302429199219,66.36666666666666
368,406.13800048828125,96.54913330078125,450.864990234375,125.29747009277344,66.5
369,413.0879821777344,94.74264526367188,458.2256164550781,124.59803771972656,66.53333333333333
370,420.0787048339844,96.0384750366211,462.1742248535156,124.23807525634766,66.56666666666666
371,426.3894348144531,96.68849182128906,466.9489440917969,124.83248901367188,66.6
372,432.390869140625,97.51702880859375,470.89837646484375,125.29359436035156,66.63333333333333
373,436.83538818359375,98.48421478271484,474.25421142578125,125.87165069580078,66.66666666666667
374,446.7708435058594,101.0384292602539,482.8851623535156,131.1742401123047,66.76666666666667
375,449.65887451171875,103.22869873046875,489.82568359375,134.64649963378906,66.83333333333333
376,451.1956787109375,107.604736328125,488.83685302734375,136.18211364746094,66.86666666666666
377,451.3856201171875,107.7356948852539,491.53375244140625,137.6213836669922,66.9
378,451.8735046386719,107.85734558105469,492.6954040527344,138.66368103027344,66.93333333333334
379,452.05908203125,108.6781005859375,492.484130859375,139.20753479003906,66.96666666666667
380,442.6519470214844,111.79330444335938,486.8731384277344,142.65982055664062,67.13333333333333
381,439.8519592285156,111.29519653320312,485.5354309082031,140.32467651367188,67.16666666666667
382,439.51910400390625,111.58027648925781,480.39776611328125,136.24954223632812,67.2
383,440.5606689453125,110.62113952636719,476.50537109375,134.4990692138672,67.23333333333333
384,433.5663146972656,110.16417694091797,472.8101501464844,134.8404998779297,67.26666666666667
385,411.59869384765625,101.4619140625,448.699951171875,124.8905029296875,67.43333333333334
386,405.9562072753906,99.26152038574219,447.3387145996094,122.56886291503906,67.46666666666667
387,402.5332946777344,95.68584442138672,444.5018615722656,117.5196762084961,67.5
388,398.3218078613281,92.87785339355469,438.0017395019531,114.47819519042969,67.53333333333333
389,394.0564270019531,90.7598876953125,432.0746154785156,112.28045654296875,67.56666666666666
390,368.9703369140625,69.78185272216797,403.0635986328125,92.66327667236328,67.73333333333333
391,365.27886962890625,64.92228698730469,400.333740234375,90.08259582519531,67.76666666666667
392,360.7459716796875,63.42906951904297,396.49884033203125,86.79320526123047,67.8
393,350.94500732421875,61.215087890625,391.451904296875,84.65203857421875,67.83333333333333
394,343.6129455566406,58.32869338989258,386.7146911621094,84.22914123535156,67.86666666666666
395,316.4396667480469,53.17894744873047,358.0464172363281,82.02948760986328,68.03333333333333
396,312.0064697265625,56.52235412597656,350.2548828125,82.5291748046875,68.06666666666666
397,308.10321044921875,59.345741271972656,344.63140869140625,85.63152313232422,68.1
398,302.33465576171875,62.04156494140625,338.113037109375,90.24508666992188,68.13333333333333
399,295.7042236328125,65.12622833251953,334.38140869140625,95.66118621826172,68.16666666666667
400,290.0983581542969,74.25144958496094,323.9673156738281,99.38485717773438,68.2
401,261.8193664550781,105.81328582763672,296.6631774902344,139.78829956054688,68.33333333333333
402,256.3936462402344,112.81202697753906,295.7101135253906,151.14378356933594,68.36666666666666
403,190.00250244140625,387.43115234375,246.04241943359375,422.25311279296875,69.06666666666666
404,190.0745086669922,376.7828063964844,246.34593200683594,418.1284484863281,69.1
405,188.15829467773438,367.7460021972656,247.51687622070312,414.9093322753906,69.13333333333333
406,190.62652587890625,364.78173828125,248.65975952148438,413.2470703125,69.16666666666667
407,193.58067321777344,361.10369873046875,252.5541229248047,409.0306396484375,69.2
408,206.35186767578125,358.61798095703125,260.8647155761719,400.2041015625,69.26666666666667
409,210.577392578125,355.52935791015625,264.3179931640625,398.345703125,69.3
410,215.4031982421875,356.5609130859375,272.2200622558594,396.79815673828125,69.33333333333333
411,539.8319091796875,366.8168640136719,590.729736328125,392.7982482910156,78.2
412,540.220947265625,367.10797119140625,590.447021484375,393.53387451171875,78.23333333333333
413,540.1140747070312,367.2497863769531,594.8268432617188,393.7928771972656,78.73333333333333
414,540.150390625,364.9844055175781,595.3912353515625,393.9052429199219,78.76666666666667
415,565.8899536132812,316.6976318359375,638.8235473632812,364.01611328125,83.6
416,440.6855773925781,305.3846740722656,485.7796936035156,337.4229431152344,87.3
417,435.11505126953125,305.9270324707031,479.6207275390625,338.4029235839844,87.33333333333333
418,430.12261962890625,307.4732971191406,473.2470703125,338.5066223144531,87.36666666666666
419,415.7628479003906,305.2583923339844,461.4437561035156,335.1851501464844,87.43333333333334
420,123.75894165039062,366.84698486328125,211.58566284179688,409.65533447265625,88.46666666666667
421,117.69497680664062,367.36041259765625,208.35739135742188,409.15966796875,88.5
422,111.97334289550781,368.435302734375,206.3617401123047,410.2806396484375,88.53333333333333
423,108.31370544433594,363.45196533203125,201.41041564941406,410.9056396484375,88.56666666666666
424,102.11555480957031,363.0111389160156,198.07774353027344,409.4604797363281,88.6
425,0.0,0.0,75.12459564208984,82.1059341430664,89.63333333333333
426,0.0,0.0,75.90069580078125,76.0628662109375,89.66666666666667
427,0.05435943603515625,0.0,75.87356567382812,69.97120666503906,89.7
428,0.0,0.0,75.9205322265625,66.81681060791016,89.73333333333333
429,0.0,0.0,76.37532043457031,63.48198318481445,89.76666666666667
430,0.0,0.0,77.39639282226562,63.270259857177734,89.8
431,0.0,0.0,79.51835632324219,65.32272338867188,89.83333333333333
432,0.0,0.0,79.57627868652344,69.55728912353516,89.86666666666666
433,0.0,0.0,79.92103576660156,72.78907775878906,89.9
434,0.0,0.0,82.15169525146484,78.11160278320312,89.93333333333334
435,0.0,0.0,84.18346405029297,87.32998657226562,89.96666666666667
436,0.0,0.0,88.45933532714844,95.56517028808594,90.0
437,0.0,0.048229217529296875,90.97250366210938,108.04341125488281,90.03333333333333
438,0.0,0.8742599487304688,94.26119232177734,115.00798034667969,90.06666666666666
439,0.0,7.654792785644531,96.06599426269531,117.07866668701172,90.1
440,205.4361572265625,222.33509826660156,289.8106384277344,272.7099609375,90.93333333333334
441,206.54116821289062,225.0361328125,290.34014892578125,277.8944091796875,91.0
442,212.39447021484375,223.8135223388672,290.15460205078125,281.7881774902344,91.03333333333333
443,203.49847412109375,219.57675170898438,294.1857604980469,284.2504577636719,91.06666666666666
444,203.28245544433594,223.2620391845703,293.84808349609375,284.0236511230469,91.1
445,214.50201416015625,228.64572143554688,287.0911560058594,283.6249084472656,91.16666666666667
446,210.2803497314453,233.2847900390625,285.37017822265625,285.40643310546875,91.2
447,209.32655334472656,235.74578857421875,280.53411865234375,285.83270263671875,91.23333333333333
448,209.3661651611328,235.353515625,279.2697448730469,286.13031005859375,91.26666666666667
449,205.8092041015625,236.87374877929688,278.5248107910156,287.3402404785156,91.3
450,203.2390594482422,236.23350524902344,272.1130065917969,285.082275390625,91.33333333333333
451,193.94200134277344,231.78945922851562,257.16693115234375,272.8170166015625,91.53333333333333
452,194.88006591796875,229.3956756591797,255.60147094726562,272.61700439453125,91.56666666666666
453,194.907958984375,226.82545471191406,253.20062255859375,267.9138488769531,91.6
454,192.2449951171875,227.27529907226562,249.38671875,259.3384094238281,91.7
455,192.07823181152344,227.16729736328125,248.42140197753906,256.8022766113281,91.73333333333333
456,188.13198852539062,219.49404907226562,242.90380859375,254.88052368164062,91.8
457,187.37332153320312,215.04736328125,239.84698486328125,253.693603515625,91.83333333333333
458,187.35394287109375,214.66323852539062,238.99310302734375,251.96566772460938,91.86666666666666
459,202.010498046875,197.38890075683594,240.57049560546875,227.4029083251953,92.23333333333333
460,213.27407836914062,191.37240600585938,251.94723510742188,220.497314453125,92.43333333333334
461,214.60964965820312,189.8616485595703,252.57168579101562,218.80018615722656,92.46666666666667
462,216.9591064453125,188.3699951171875,255.47601318359375,219.00765991210938,92.5
463,218.38980102539062,188.0015106201172,256.921630859375,219.8389434814453,92.53333333333333
464,285.9652099609375,377.25311279296875,343.41912841796875,418.37164306640625,94.26666666666667
465,276.322509765625,376.31732177734375,339.1015625,422.32989501953125,94.36666666666666
466,270.14239501953125,374.7726135253906,339.5743408203125,428.2218933105469,94.46666666666667
467,270.3338928222656,375.0112609863281,332.2158508300781,428.6798400878906,94.5
468,268.7143249511719,377.5124206542969,336.2527770996094,430.6280212402344,94.66666666666667
469,269.5238952636719,374.6477355957031,338.6595764160156,431.4506530761719,94.7
470,271.49273681640625,367.1726379394531,344.783203125,427.0943908691406,94.73333333333333
471,274.258544921875,367.0650939941406,346.06988525390625,426.1047668457031,94.76666666666667
472,274.0673828125,365.8726501464844,340.48663330078125,427.3789978027344,94.8
473,276.70904541015625,372.1077880859375,339.70391845703125,433.11102294921875,94.9
474,274.5653991699219,373.208251953125,342.3749084472656,436.511474609375,94.93333333333334
475,270.5825500488281,376.8757019042969,357.8604431152344,440.5742492675781,95.06666666666666
476,285.0781555175781,378.04852294921875,357.0445251464844,440.18841552734375,95.16666666666667
477,288.56317138671875,380.8963928222656,351.5682373046875,444.7718200683594,95.2
478,290.4829406738281,384.6820983886719,353.4237365722656,444.8927917480469,95.23333333333333
479,290.2278137207031,381.9033508300781,356.4408264160156,445.5679626464844,95.26666666666667
480,291.372314453125,379.24652099609375,356.723388671875,445.0169677734375,95.3
481,292.6365966796875,377.2744140625,363.52008056640625,445.3548583984375,95.33333333333333
482,294.84674072265625,384.5932312011719,368.18023681640625,450.3693542480469,95.43333333333334
483,292.5149841308594,383.12103271484375,364.2212829589844,447.772216796875,95.46666666666667
484,291.15875244140625,381.91510009765625,359.49627685546875,446.94708251953125,95.5
485,290.79473876953125,382.7367248535156,360.99969482421875,446.2677917480469,95.53333333333333
486,290.5805358886719,383.46533203125,363.1740417480469,446.73492431640625,95.56666666666666
487,290.260986328125,383.4010009765625,364.25872802734375,447.15606689453125,95.6
488,292.20428466796875,382.4771423339844,370.6201171875,449.8671569824219,95.63333333333333
489,292.2510070800781,382.129150390625,370.9201354980469,450.30682373046875,95.66666666666667
490,292.1062927246094,380.7954406738281,367.8451232910156,449.0843811035156,95.7
491,292.3660888671875,381.1215515136719,368.80316162109375,449.2117614746094,95.73333333333333
492,291.5255432128906,382.78863525390625,365.2533264160156,447.87481689453125,95.76666666666667
493,290.79815673828125,382.714111328125,364.1302490234375,447.46319580078125,95.8
494,290.86834716796875,383.28924560546875,364.7420654296875,447.75653076171875,95.83333333333333
495,290.2028503417969,382.90325927734375,362.5106506347656,447.8070068359375,95.86666666666666
496,290.6595458984375,382.9967041015625,363.158447265625,447.802490234375,95.9
497,292.50396728515625,382.1717834472656,368.66058349609375,448.3989562988281,95.93333333333334
498,292.69732666015625,381.2011413574219,373.01080322265625,450.1416320800781,95.96666666666667
499,293.38214111328125,381.6167297363281,370.4056396484375,450.1978454589844,96.0
500,293.25811767578125,381.5994873046875,369.427001953125,450.24188232421875,96.03333333333333
501,291.76123046875,382.59619140625,362.7384033203125,446.633544921875,96.06666666666666
502,291.76348876953125,382.4720458984375,361.4930419921875,446.3287353515625,96.1
503,291.0451965332031,381.97711181640625,360.8067932128906,446.88885498046875,96.13333333333333
504,291.10882568359375,381.9368896484375,360.58636474609375,446.84527587890625,96.16666666666667
505,291.81243896484375,382.282470703125,360.90411376953125,446.4742431640625,96.2
506,292.11163330078125,381.8904724121094,362.5452880859375,446.6260070800781,96.23333333333333
507,293.3694763183594,381.9561767578125,368.5488586425781,448.574951171875,96.26666666666667
508,293.2929382324219,381.8372802734375,368.6904602050781,448.69561767578125,96.3
509,293.4075622558594,381.9005126953125,368.7930603027344,448.71826171875,96.33333333333333
510,292.23980712890625,382.28863525390625,362.79302978515625,446.8341064453125,96.36666666666666
511,291.2714538574219,382.3906555175781,359.7105407714844,446.6590881347656,96.4
512,291.3775939941406,382.4651794433594,359.4604797363281,446.5621032714844,96.43333333333334
513,291.4676818847656,382.541259765625,359.6512145996094,446.6351318359375,96.46666666666667
514,291.4825439453125,382.53765869140625,359.67236328125,446.67950439453125,96.5
515,292.2713928222656,382.8818054199219,361.8590393066406,446.8841247558594,96.53333333333333
516,293.62030029296875,382.28900146484375,369.24932861328125,449.48138427734375,96.56666666666666
517,293.5200500488281,382.2506408691406,369.2536315917969,449.2925109863281,96.6
518,293.34039306640625,382.12677001953125,369.25146484375,449.19134521484375,96.63333333333333
519,293.2192077636719,382.0775451660156,368.8619689941406,448.9814758300781,96.66666666666667
520,291.31488037109375,382.2305908203125,360.08758544921875,446.697998046875,96.7
521,291.2994079589844,382.2242431640625,359.8763122558594,446.68603515625,96.73333333333333
522,291.2912902832031,382.2244873046875,359.8688659667969,446.664306640625,96.76666666666667
523,291.26422119140625,382.7496337890625,360.3677978515625,447.19036865234375,96.8
524,291.4801940917969,382.4308166503906,361.5631408691406,447.4128723144531,96.83333333333333
525,293.26922607421875,382.18316650390625,369.5799560546875,449.67816162109375,96.86666666666666
526,293.5827941894531,382.42327880859375,369.7944030761719,449.84649658203125,96.9
527,293.4970703125,382.349853515625,370.08148193359375,449.90875244140625,96.93333333333334
528,293.5028076171875,382.409423828125,370.256103515625,449.80010986328125,96.96666666666667
529,291.3670654296875,382.4915466308594,361.36090087890625,447.1299743652344,97.0
530,291.41436767578125,382.58856201171875,361.0423583984375,447.177001953125,97.03333333333333
531,291.3876647949219,382.6741943359375,361.1507873535156,447.17022705078125,97.06666666666666
532,291.3914489746094,382.65606689453125,361.1720886230469,447.18115234375,97.1
533,291.4815673828125,382.7491760253906,362.14141845703125,447.4592590332031,97.13333333333333
534,293.1629638671875,382.05950927734375,369.28631591796875,449.5750732421875,97.16666666666667
535,293.0857849121094,382.17041015625,369.3406066894531,450.4573974609375,97.2
536,292.9375,382.11669921875,369.2874755859375,450.37518310546875,97.23333333333333
537,292.98321533203125,382.2296142578125,369.34637451171875,450.4825439453125,97.26666666666667
538,290.84039306640625,382.13092041015625,362.0260009765625,447.38201904296875,97.3
539,290.80963134765625,381.8831481933594,361.94073486328125,447.6980895996094,97.33333333333333
540,290.84136962890625,382.613037109375,362.071044921875,447.67474365234375,97.36666666666666
541,290.7891845703125,382.5368957519531,362.3128662109375,447.6855773925781,97.4
542,290.8928527832031,382.69671630859375,361.7043762207031,447.5794677734375,97.43333333333334
543,292.9888000488281,382.4228515625,369.4580993652344,449.1844482421875,97.46666666666667
544,293.14013671875,383.0354919433594,369.62615966796875,449.1529235839844,97.5
545,292.68896484375,384.5137634277344,364.30096435546875,447.8139953613281,97.6
546,291.90301513671875,383.2360534667969,363.0313720703125,448.0961608886719,97.63333333333333
547,291.8507385253906,383.1466369628906,362.5849304199219,448.0891418457031,97.66666666666667
548,291.5597229003906,382.9306640625,362.9498596191406,448.19512939453125,97.7
549,291.658447265625,383.96875,363.0146484375,448.20330810546875,97.73333333333333
550,292.1127624511719,384.8929748535156,366.0823669433594,447.7657165527344,97.9
551,291.89404296875,386.439453125,364.18341064453125,446.94134521484375,97.93333333333334
552,289.5889892578125,387.562255859375,362.5416259765625,447.064208984375,97.96666666666667
553,284.4433898925781,391.9899597167969,359.9356994628906,445.3930969238281,98.0
554,272.6813659667969,387.41253662109375,356.2543640136719,443.91943359375,98.03333333333333
555,275.4787902832031,388.4228210449219,357.2803649902344,445.0312805175781,98.06666666666666
556,279.9948425292969,401.2019348144531,355.4914245605469,446.0259704589844,98.1
557,278.1777038574219,404.0225830078125,351.4958801269531,447.89898681640625,98.13333333333333
558,270.4461975097656,405.53533935546875,353.9192810058594,448.4781494140625,98.16666666666667
559,261.63922119140625,402.99493408203125,352.87445068359375,449.36981201171875,98.2
560,255.6228790283203,403.4010009765625,352.37908935546875,449.35162353515625,98.23333333333333
561,258.84832763671875,408.1351013183594,350.97723388671875,448.6800231933594,98.26666666666667
562,255.461181640625,408.20013427734375,351.88360595703125,449.26776123046875,98.3
563,254.13917541503906,407.6665344238281,350.85888671875,449.1573181152344,98.33333333333333
564,254.0543975830078,407.4651794433594,352.0345764160156,449.1237487792969,98.36666666666666
565,250.76861572265625,407.08270263671875,354.79595947265625,449.7755126953125,98.4
566,250.72772216796875,406.563232421875,354.63330078125,449.83062744140625,98.43333333333334
567,250.67486572265625,407.2013854980469,354.503662109375,449.8809509277344,98.46666666666667
568,250.6641082763672,407.3500061035156,354.2681884765625,449.7204895019531,98.5
569,250.677490234375,407.22540283203125,353.878173828125,449.6417236328125,98.53333333333333
570,250.62008666992188,407.2001953125,353.8898620605469,449.6376953125,98.56666666666666
571,250.623291015625,407.1612243652344,353.7056884765625,449.6272277832031,98.6
572,250.59625244140625,407.2001647949219,353.62091064453125,449.6971130371094,98.63333333333333
573,250.80067443847656,406.98284912109375,353.8670349121094,449.68084716796875,98.66666666666667
574,250.7517852783203,406.7984313964844,355.0648498535156,449.9905090332031,98.7
575,251.02951049804688,406.8397216796875,355.0892639160156,450.01739501953125,98.73333333333333
576,250.85757446289062,406.8807373046875,355.0734558105469,450.0897216796875,98.76666666666667
577,250.63223266601562,407.9061279296875,355.3721008300781,449.96124267578125,98.8
578,250.14871215820312,407.1572265625,354.4559020996094,449.925048828125,98.83333333333333
579,250.24131774902344,407.163330078125,353.40594482421875,449.56036376953125,98.86666666666666
580,250.179931640625,407.2439270019531,353.59906005859375,449.6940002441406,98.9
581,250.3894805908203,407.4443664550781,353.8695068359375,449.9095153808594,98.93333333333334
582,250.5384063720703,406.9348449707031,354.30230712890625,450.0914001464844,98.96666666666667
583,250.5808563232422,406.6897277832031,355.06866455078125,450.6472473144531,99.0
584,250.41452026367188,406.58734130859375,355.0351867675781,450.661376953125,99.03333333333333
585,250.17413330078125,406.27947998046875,354.66290283203125,450.59112548828125,99.06666666666666
586,250.2063446044922,406.1077880859375,354.72076416015625,450.52789306640625,99.1
587,250.0960693359375,406.0664367675781,354.68585205078125,450.3744201660156,99.13333333333333
588,249.95816040039062,406.1159973144531,354.7120666503906,450.2729797363281,99.16666666666667
589,249.14610290527344,406.6529541015625,354.6225891113281,450.63372802734375,99.2
590,249.196533203125,406.63616943359375,354.4888916015625,450.66522216796875,99.23333333333333
591,249.2419891357422,406.55548095703125,354.3795471191406,450.73846435546875,99.26666666666667
592,249.1748046875,406.7240295410156,355.42559814453125,451.2247009277344,99.3
593,249.2142333984375,406.5494689941406,355.52117919921875,451.0211486816406,99.33333333333333
594,249.0369873046875,406.3629150390625,355.479248046875,451.21923828125,99.36666666666666
595,249.06166076660156,406.1963195800781,355.892578125,451.1643371582031,99.4
596,249.33631896972656,406.0936584472656,355.2523498535156,450.7090759277344,99.43333333333334
597,249.30514526367188,405.8948669433594,355.6282043457031,450.6333312988281,99.46666666666667
598,249.28688049316406,405.7178649902344,355.69158935546875,450.5372009277344,99.5
599,249.24111938476562,405.673828125,355.6960144042969,450.53961181640625,99.53333333333333
600,249.32427978515625,405.3790283203125,355.57672119140625,450.67425537109375,99.56666666666666
601,249.88287353515625,406.6748962402344,354.469970703125,450.5042419433594,99.6
602,249.89097595214844,406.5354309082031,354.66162109375,450.3804016113281,99.63333333333333
603,249.875,406.2784729003906,354.84124755859375,450.4024963378906,99.66666666666667
604,249.18519592285156,405.7156982421875,355.81048583984375,450.9693603515625,99.7
605,249.2938690185547,405.4728088378906,355.42474365234375,450.5514831542969,99.73333333333333
606,249.12013244628906,405.5487060546875,355.2846374511719,450.43499755859375,99.76666666666667
607,249.09469604492188,405.17608642578125,355.1463928222656,450.2884521484375,99.8
608,249.03172302246094,405.2386169433594,354.95074462890625,450.3735656738281,99.83333333333333
609,249.04856872558594,405.0176696777344,354.878173828125,450.3787536621094,99.86666666666666
610,249.35693359375,404.86761474609375,355.7900390625,450.85943603515625,99.9
611,249.3748321533203,404.98468017578125,355.88421630859375,450.787353515625,99.93333333333334
612,249.35958862304688,404.9148864746094,355.9117126464844,450.7676696777344,99.96666666666667
613,249.51861572265625,406.74322509765625,354.4173583984375,450.14361572265625,100.0
614,249.1158447265625,405.49029541015625,355.15032958984375,450.56414794921875,100.03333333333333
615,249.16465759277344,405.6943054199219,354.941162109375,450.2245178222656,100.06666666666666
616,249.02171325683594,405.58135986328125,355.1246337890625,450.26666259765625,100.1
617,249.03012084960938,405.804931640625,355.0492248535156,450.24371337890625,100.13333333333333
618,249.09242248535156,405.8134460449219,354.90380859375,450.3697204589844,100.16666666666667
619,249.48095703125,405.89202880859375,355.5001220703125,450.81182861328125,100.2
620,249.4712677001953,405.7253112792969,355.578369140625,450.9007873535156,100.23333333333333
621,249.3731689453125,405.5216979980469,355.6064453125,450.8564147949219,100.26666666666667
622,249.3623809814453,405.6025085449219,355.7207946777344,450.8833312988281,100.3
623,249.38531494140625,405.6494445800781,355.02252197265625,450.7566223144531,100.33333333333333
624,249.04360961914062,405.75164794921875,354.8644104003906,450.46807861328125,100.36666666666666
625,249.24630737304688,405.4185485839844,355.7008361816406,450.7531433105469,100.4
626,249.28036499023438,405.1295166015625,355.5761413574219,450.67706298828125,100.43333333333334
627,249.24749755859375,405.107177734375,355.4779052734375,450.6612548828125,100.46666666666667
628,249.3212432861328,404.56170654296875,355.88323974609375,451.08544921875,100.5
629,249.34710693359375,404.517578125,356.32196044921875,451.1876220703125,100.53333333333333
630,249.36001586914062,404.58978271484375,356.2573547363281,451.20721435546875,100.56666666666666
631,249.35520935058594,404.0848693847656,356.30010986328125,451.1944885253906,100.6
632,249.1942138671875,404.05352783203125,355.84906005859375,451.13427734375,100.63333333333333
633,249.1028289794922,404.51104736328125,355.82080078125,450.343994140625,100.66666666666667
634,249.0861358642578,404.5127258300781,355.7961730957031,450.3456726074219,100.7
635,249.0994415283203,404.429443359375,355.7918701171875,450.31793212890625,100.73333333333333
636,249.11082458496094,404.896240234375,355.7935791015625,450.3740234375,100.76666666666667
637,248.84368896484375,404.9781494140625,353.779296875,450.64276123046875,100.8
638,248.66802978515625,405.3549499511719,353.87078857421875,450.8385314941406,100.83333333333333
639,248.7304229736328,405.5229187011719,354.4150085449219,450.9578552246094,100.86666666666666
640,248.6845245361328,404.9812927246094,353.9020080566406,450.7995300292969,100.9
641,248.48167419433594,405.1286315917969,353.3324279785156,451.0892639160156,100.93333333333334
642,248.50511169433594,404.743408203125,353.09600830078125,450.0078125,100.96666666666667
643,248.73577880859375,403.71380615234375,352.76708984375,450.02532958984375,101.0
644,248.60423278808594,404.58258056640625,351.776611328125,449.42620849609375,101.03333333333333
645,248.8524169921875,403.5419921875,350.19854736328125,449.08660888671875,101.06666666666666
646,249.53536987304688,401.6127014160156,349.6619567871094,448.0853576660156,101.1
647,249.87086486816406,397.5364990234375,351.2908935546875,447.0697021484375,101.13333333333333
648,253.44009399414062,394.76397705078125,347.9879455566406,444.38531494140625,101.16666666666667
649,250.41580200195312,392.7940979003906,346.7871398925781,435.0603942871094,101.26666666666667
650,245.27890014648438,389.8190002441406,348.8710632324219,433.6141052246094,101.3
651,244.35284423828125,384.45111083984375,342.582275390625,429.98504638671875,101.33333333333333
652,244.12979125976562,380.4762878417969,339.4063415527344,426.6283874511719,101.36666666666666
653,241.55325317382812,375.1577453613281,347.9670715332031,422.5518493652344,101.4
654,239.6597900390625,373.2287902832031,348.77386474609375,420.7996520996094,101.43333333333334
655,243.14427185058594,287.1133117675781,325.1161193847656,333.1681213378906,102.16666666666667
656,244.09503173828125,284.984375,332.42193603515625,328.77471923828125,102.2
657,244.48745727539062,277.2108459472656,330.1551818847656,325.8639221191406,102.23333333333333
658,245.96876525878906,273.33880615234375,331.5417785644531,323.123779296875,102.26666666666667
659,245.44895935058594,270.9107666015625,332.36785888671875,315.0816650390625,102.3
660,252.2648468017578,238.5115509033203,332.057861328125,286.515869140625,102.46666666666667
661,256.67242431640625,235.9181365966797,330.4404296875,278.65557861328125,102.5
662,254.9476318359375,204.19996643066406,337.67938232421875,260.3286437988281,102.6
663,262.8840026855469,167.31680297851562,339.5075988769531,228.51010131835938,102.73333333333333
664,261.0915832519531,166.63088989257812,341.0221862792969,223.63925170898438,102.76666666666667
665,263.3857727050781,161.8797607421875,340.3428039550781,217.46792602539062,102.8
666,265.8324279785156,157.02635192871094,341.2689514160156,215.0355987548828,102.83333333333333
667,267.01434326171875,150.09158325195312,347.82330322265625,214.55642700195312,102.86666666666666
668,265.8641357421875,139.63153076171875,346.8956298828125,209.9559326171875,102.89999999999999
669,272.4772033691406,133.983154296875,341.7098083496094,207.08999633789062,102.93333333333334
670,275.8548583984375,128.447265625,350.0135498046875,207.04656982421875,102.96666666666667
671,276.30657958984375,124.21163940429688,349.4993896484375,201.2999267578125,103.0
672,275.4842224121094,118.62675476074219,352.6454772949219,196.3221893310547,103.03333333333333
673,276.68170166015625,111.46749114990234,354.46087646484375,183.81124877929688,103.06666666666666
674,276.7320556640625,109.90263366699219,354.89080810546875,174.76649475097656,103.1
675,278.3688659667969,108.35591888427734,357.4325256347656,173.280517578125,103.13333333333333
676,278.4952087402344,106.74439239501953,359.5423889160156,171.51480102539062,103.16666666666667
677,280.3233337402344,106.23941040039062,360.2602844238281,169.66262817382812,103.2
678,284.3573913574219,107.2569580078125,358.6224060058594,169.21224975585938,103.23333333333333
679,286.63946533203125,107.56915283203125,359.5845947265625,168.15982055664062,103.26666666666667
680,289.423583984375,106.6678695678711,361.6280517578125,167.48536682128906,103.3
681,288.4457092285156,106.24052429199219,362.4656677246094,168.16200256347656,103.33333333333333
682,289.04217529296875,106.27305603027344,363.51409912109375,165.2566375732422,103.36666666666666
683,292.4102478027344,108.18460083007812,366.3102111816406,165.38034057617188,103.39999999999999
684,291.4212646484375,107.86377716064453,369.15863037109375,167.06887817382812,103.43333333333334
685,293.867431640625,110.65911865234375,371.45123291015625,165.68408203125,103.46666666666667
686,299.7666320800781,116.03175354003906,370.7637023925781,166.1403045654297,103.5
687,300.5367736816406,115.8730697631836,370.5432434082031,173.37156677246094,103.53333333333333
688,303.08807373046875,118.80436706542969,370.934326171875,178.92005920410156,103.56666666666666
689,308.894287109375,122.35331726074219,371.9134521484375,181.1613006591797,103.6
690,309.62530517578125,122.21720123291016,371.4984130859375,181.41397094726562,103.63333333333333
691,308.2129211425781,126.98560333251953,372.7215881347656,179.6348876953125,103.66666666666667
692,309.36199951171875,131.04539489746094,374.42510986328125,179.89772033691406,103.7
693,311.25067138671875,133.2254638671875,375.785888671875,182.64105224609375,103.73333333333333
694,313.94000244140625,136.23233032226562,376.07672119140625,185.98422241210938,103.76666666666667
695,313.1326599121094,139.3001708984375,376.5738220214844,189.31521606445312,103.8
696,314.7665100097656,143.093994140625,378.4081115722656,192.08084106445312,103.83333333333333
697,324.6673583984375,159.8611602783203,385.92596435546875,208.6081085205078,103.96666666666667
698,319.1847839355469,163.18572998046875,391.3362731933594,208.75778198242188,104.0
699,321.9932861328125,163.68455505371094,392.02978515625,210.7510223388672,104.03333333333333
700,323.48675537109375,162.6102294921875,387.5277099609375,215.16201782226562,104.06666666666666
701,323.5715026855469,162.7405548095703,389.5392150878906,219.50453186035156,104.1
702,325.7126770019531,163.50465393066406,388.6386413574219,222.84056091308594,104.13333333333333
703,326.9748229980469,166.7557373046875,385.6076354980469,232.37808227539062,104.3
704,325.3819274902344,166.81890869140625,383.7910461425781,237.5423583984375,104.33333333333333
705,324.4751892089844,167.14962768554688,383.6054992675781,238.06021118164062,104.36666666666666
706,321.7250061035156,169.48995971679688,382.1548156738281,238.91464233398438,104.39999999999999
707,287.99334716796875,225.1961212158203,328.36749267578125,250.56764221191406,104.89999999999999
708,285.57391357421875,226.18496704101562,324.65606689453125,250.674072265625,104.93333333333334
709,282.53765869140625,226.3953094482422,321.078369140625,251.0957794189453,104.96666666666667
710,279.8058776855469,226.427490234375,318.1742858886719,251.10113525390625,105.0
711,277.3403625488281,225.80532836914062,316.3290710449219,250.45623779296875,105.03333333333333
712,262.5845031738281,220.816162109375,306.0908508300781,248.2364501953125,105.2
713,260.4219055175781,220.62686157226562,304.7109069824219,247.3331298828125,105.23333333333333
714,258.630615234375,219.12539672851562,304.01068115234375,246.58505249023438,105.26666666666667
715,257.4276123046875,219.32806396484375,301.548095703125,245.60797119140625,105.3
716,255.11898803710938,216.4899444580078,299.7884216308594,243.91246032714844,105.33333333333333
717,254.2952880859375,202.70652770996094,293.8948974609375,225.34214782714844,105.53333333333333
718,253.55613708496094,199.67274475097656,290.74212646484375,222.3516082763672,105.56666666666666
719,253.2146759033203,194.54393005371094,293.0657043457031,219.52391052246094,105.6
720,253.22842407226562,191.27772521972656,291.1388854980469,215.2852020263672,105.63333333333333
721,255.72198486328125,128.57582092285156,294.41229248046875,154.1444549560547,106.1
722,254.00717163085938,122.78557586669922,294.4657287597656,151.73043823242188,106.13333333333333
723,255.2451171875,118.90341186523438,293.4522705078125,146.20733642578125,106.16666666666667
724,253.27944946289062,115.98384094238281,296.1918029785156,143.8531036376953,106.2
725,254.56857299804688,112.83714294433594,294.9939270019531,138.96778869628906,106.23333333333333
726,253.89144897460938,109.68536376953125,294.4817810058594,135.59213256835938,106.26666666666667
727,254.61463928222656,106.34465026855469,298.8362731933594,136.7887420654297,106.3
728,257.4845886230469,103.92900848388672,299.5112609863281,133.08370971679688,106.33333333333333
729,257.399658203125,102.31365966796875,298.71368408203125,131.93170166015625,106.36666666666666
730,257.510986328125,100.08279418945312,297.61163330078125,127.22427368164062,106.39999999999999
731,256.954345703125,98.7098388671875,303.62347412109375,127.838134765625,106.43333333333334
732,257.2653503417969,95.82638549804688,305.3267517089844,125.45394897460938,106.46666666666667
733,257.53546142578125,93.424560546875,304.71148681640625,124.41456604003906,106.5
734,259.28326416015625,90.94947814941406,303.528076171875,122.08074951171875,106.53333333333333
735,259.3414001464844,89.49250030517578,304.5726623535156,120.76177215576172,106.56666666666666
736,262.05859375,90.0321044921875,303.760986328125,118.73777770996094,106.6
737,263.9501953125,87.46537780761719,304.0137939453125,116.06996154785156,106.63333333333333
738,268.9866027832031,83.02489471435547,308.7741394042969,117.89737701416016,106.66666666666667
739,269.8877868652344,82.08401489257812,310.1574401855469,116.23646545410156,106.7
740,268.6746826171875,81.13085174560547,311.98773193359375,109.76995086669922,106.73333333333333
741,270.0366516113281,77.56217956542969,313.4357604980469,106.30963134765625,106.76666666666667
742,272.9501647949219,77.17361450195312,315.6764831542969,103.44822692871094,106.8
743,273.41851806640625,73.36585998535156,320.623046875,103.15811157226562,106.83333333333333
744,275.0662841796875,71.51807403564453,319.841552734375,99.7663803100586,106.86666666666666
745,279.3519287109375,66.80155944824219,323.54095458984375,98.70518493652344,106.89999999999999
746,284.4705810546875,64.83296203613281,326.0272216796875,95.50846862792969,106.93333333333334
747,286.357421875,59.59403991699219,328.82208251953125,93.53634643554688,106.96666666666667
748,289.0433654785156,55.75006103515625,327.4430847167969,88.70758056640625,107.0
749,286.3145751953125,52.37297058105469,332.60906982421875,85.47749328613281,107.03333333333333
750,290.1768493652344,50.82191467285156,331.8952331542969,80.69338989257812,107.06666666666666
751,292.25616455078125,45.91363525390625,336.8377685546875,76.88236999511719,107.1
752,298.01470947265625,43.00692367553711,339.6998291015625,71.82098388671875,107.13333333333333
753,299.7278747558594,37.2495002746582,339.4530334472656,68.53117370605469,107.16666666666667
754,308.6514892578125,10.703609466552734,354.1976318359375,46.98649978637695,107.33333333333333
755,310.951416015625,4.195417404174805,358.37554931640625,41.022186279296875,107.36666666666666
756,310.1593933105469,1.5759563446044922,360.6615905761719,36.631752014160156,107.39999999999999
757,312.0298156738281,0.11926078796386719,357.8500061035156,32.201148986816406,107.43333333333334
758,313.380126953125,0.0,358.27093505859375,26.26298713684082,107.46666666666667
759,313.4743957519531,0.0,356.6901550292969,21.221511840820312,107.5
760,314.9171447753906,0.0,359.6533508300781,17.041156768798828,107.53333333333333
761,320.5495910644531,0.0,356.1905212402344,12.365699768066406,107.56666666666666
762,470.47100830078125,0.0,502.687744140625,10.743545532226562,111.73333333333333
763,472.5314025878906,0.0,512.880615234375,14.66219711303711,111.76666666666667
764,466.5609436035156,0.1520099639892578,520.5534057617188,19.582658767700195,111.8
765,469.4427185058594,0.0,528.5574951171875,22.096588134765625,111.83333333333333
766,471.4060363769531,0.0,536.2335815429688,29.05832290649414,111.86666666666666
767,476.28228759765625,0.0,533.4368896484375,34.66647720336914,111.89999999999999
768,478.9346008300781,0.0,535.2793579101562,41.15679931640625,111.93333333333334
769,484.5934753417969,2.826601028442383,535.2410278320312,47.601402282714844,111.96666666666667
770,491.8464050292969,8.24751091003418,538.9422607421875,53.2977294921875,112.0
771,496.30169677734375,18.42058753967285,539.8977661132812,57.67915344238281,112.03333333333333
772,504.17523193359375,41.07343292236328,544.3252563476562,72.11026763916016,112.13333333333333
773,496.3658752441406,63.99187469482422,536.3242797851562,97.19837188720703,112.2
774,497.1879577636719,73.86597442626953,534.6234741210938,106.61052703857422,112.23333333333333
775,495.0746154785156,83.07493591308594,535.5112915039062,115.27088928222656,112.26666666666667
776,492.5013427734375,92.01758575439453,537.3756103515625,123.43209075927734,112.3
777,490.09808349609375,100.57298278808594,535.3545532226562,132.42442321777344,112.33333333333333
778,490.5769958496094,112.84828186035156,529.0734252929688,140.11439514160156,112.36666666666666
779,471.74151611328125,150.48826599121094,519.4603881835938,184.57826232910156,112.53333333333333
780,467.8669128417969,162.53472900390625,515.22021484375,193.28521728515625,112.56666666666666
781,463.1261291503906,168.30770874023438,510.9552917480469,203.07513427734375,112.6
782,461.3929138183594,176.78866577148438,509.9966125488281,209.3875732421875,112.63333333333333
783,460.4789733886719,185.58013916015625,501.7336730957031,213.71432495117188,112.66666666666667
784,424.9384765625,225.78196716308594,468.48858642578125,252.6012725830078,112.83333333333333
785,419.34088134765625,231.98388671875,466.1868896484375,260.2679443359375,112.86666666666666
786,412.7833251953125,239.47430419921875,459.33026123046875,268.0404357910156,112.89999999999999
787,407.84527587890625,244.8792724609375,451.0166015625,273.82421875,112.93333333333334
788,400.8394775390625,251.00665283203125,452.89453125,279.20941162109375,112.96666666666667
789,525.8335571289062,4.343463897705078,610.1808471679688,82.30172729492188,116.8
